{
  "generation_time": "2025-08-13T12:54:54.262809",
  "retail_stats": {
    "count": 3000,
    "age_distribution": {
      "count": 3000.0,
      "mean": 39.50266666666667,
      "std": 11.540265109396488,
      "min": 18.0,
      "25%": 31.0,
      "50%": 39.0,
      "75%": 47.0,
      "max": 80.0
    },
    "income_distribution": {
      "count": 3000.0,
      "mean": 1463.72768,
      "std": 733.4479937300621,
      "min": 400.0,
      "25%": 942.0550000000001,
      "50%": 1296.48,
      "75%": 1792.11,
      "max": 5931.69
    },
    "governorate_counts": {
      "Tunis": 676,
      "Sfax": 608,
      "Nabeul": 569,
      "Sousse": 430,
      "Ariana": 381,
      "Monastir": 336
    },
    "channel_preferences": {
      "mobile": 1413,
      "branch": 994,
      "web": 508,
      "whatsapp": 85
    }
  },
  "corporate_stats": {
    "count": 600,
    "sector_distribution": {
      "services": 253,
      "manufacturing": 142,
      "retail": 131,
      "agriculture": 54,
      "technology": 20
    },
    "size_distribution": {
      "micro": 515,
      "small": 71,
      "medium": 10,
      "large": 4
    },
    "revenue_stats": {
      "count": 600.0,
      "mean": 810972.8689499999,
      "std": 7874154.421518416,
      "min": 8000.0,
      "25%": 38045.165,
      "50%": 61946.645000000004,
      "75%": 97409.09999999999,
      "max": 124639174.19
    }
  }
}