{
  "generation_time": "2025-08-07T15:55:10.139525",
  "retail_stats": {
    "count": 2000,
    "age_distribution": {
      "count": 2000.0,
      "mean": 42.873,
      "std": 16.66321404625097,
      "min": 18.0,
      "25%": 30.0,
      "50%": 40.0,
      "75%": 55.0,
      "max": 80.0
    },
    "income_distribution": {
      "count": 2000.0,
      "mean": 4461.644206342604,
      "std": 3684.282857899443,
      "min": 400.0,
      "25%": 1302.6174999999998,
      "50%": 3261.88564221472,
      "75%": 7368.324473130568,
      "max": 14791.081639765573
    },
    "governorate_counts": {
      "Ariana": 528,
      "Sousse": 516,
      "Tunis": 439,
      "Sfax": 341,
      "Nabeul": 101,
      "Monastir": 75
    },
    "channel_preferences": {
      "branch": 810,
      "mobile": 709,
      "web": 459,
      "whatsapp": 22
    }
  },
  "corporate_stats": {
    "count": 500,
    "sector_distribution": {
      "services": 248,
      "retail": 138,
      "manufacturing": 114
    },
    "size_distribution": {
      "medium": 423,
      "micro": 33,
      "small": 30,
      "large": 14
    },
    "revenue_stats": {
      "count": 500.0,
      "mean": 5048632.461514138,
      "std": 2943704.9919231324,
      "min": 10000.0,
      "25%": 2863249.7948446954,
      "50%": 5238736.348961724,
      "75%": 7260589.372347695,
      "max": 11757748.12328916
    }
  }
}